/*
 Navicat Premium Data Transfer

 Source Server         : mysql
 Source Server Type    : MySQL
 Source Server Version : 50720
 Source Host           : localhost:3306
 Source Schema         : shiro_project_normal

 Target Server Type    : MySQL
 Target Server Version : 50720
 File Encoding         : 65001

 Date: 21/03/2023 14:01:53
*/

SET NAMES utf8mb4;
SET FOREIGN_KEY_CHECKS = 0;

-- ----------------------------
-- Table structure for QRTZ_BLOB_TRIGGERS
-- ----------------------------
DROP TABLE IF EXISTS `QRTZ_BLOB_TRIGGERS`;
CREATE TABLE `QRTZ_BLOB_TRIGGERS` (
  `SCHED_NAME` varchar(120) NOT NULL,
  `TRIGGER_NAME` varchar(200) NOT NULL,
  `TRIGGER_GROUP` varchar(200) NOT NULL,
  `BLOB_DATA` blob,
  PRIMARY KEY (`SCHED_NAME`,`TRIGGER_NAME`,`TRIGGER_GROUP`),
  KEY `SCHED_NAME` (`SCHED_NAME`,`TRIGGER_NAME`,`TRIGGER_GROUP`),
  CONSTRAINT `qrtz_blob_triggers_ibfk_1` FOREIGN KEY (`SCHED_NAME`, `TRIGGER_NAME`, `TRIGGER_GROUP`) REFERENCES `QRTZ_TRIGGERS` (`SCHED_NAME`, `TRIGGER_NAME`, `TRIGGER_GROUP`)
) ENGINE=InnoDB DEFAULT CHARSET=utf8;

-- ----------------------------
-- Records of QRTZ_BLOB_TRIGGERS
-- ----------------------------
BEGIN;
COMMIT;

-- ----------------------------
-- Table structure for QRTZ_CALENDARS
-- ----------------------------
DROP TABLE IF EXISTS `QRTZ_CALENDARS`;
CREATE TABLE `QRTZ_CALENDARS` (
  `SCHED_NAME` varchar(120) NOT NULL,
  `CALENDAR_NAME` varchar(200) NOT NULL,
  `CALENDAR` blob NOT NULL,
  PRIMARY KEY (`SCHED_NAME`,`CALENDAR_NAME`)
) ENGINE=InnoDB DEFAULT CHARSET=utf8;

-- ----------------------------
-- Records of QRTZ_CALENDARS
-- ----------------------------
BEGIN;
COMMIT;

-- ----------------------------
-- Table structure for QRTZ_CRON_TRIGGERS
-- ----------------------------
DROP TABLE IF EXISTS `QRTZ_CRON_TRIGGERS`;
CREATE TABLE `QRTZ_CRON_TRIGGERS` (
  `SCHED_NAME` varchar(120) NOT NULL,
  `TRIGGER_NAME` varchar(200) NOT NULL,
  `TRIGGER_GROUP` varchar(200) NOT NULL,
  `CRON_EXPRESSION` varchar(120) NOT NULL,
  `TIME_ZONE_ID` varchar(80) DEFAULT NULL,
  PRIMARY KEY (`SCHED_NAME`,`TRIGGER_NAME`,`TRIGGER_GROUP`),
  CONSTRAINT `qrtz_cron_triggers_ibfk_1` FOREIGN KEY (`SCHED_NAME`, `TRIGGER_NAME`, `TRIGGER_GROUP`) REFERENCES `QRTZ_TRIGGERS` (`SCHED_NAME`, `TRIGGER_NAME`, `TRIGGER_GROUP`)
) ENGINE=InnoDB DEFAULT CHARSET=utf8;

-- ----------------------------
-- Records of QRTZ_CRON_TRIGGERS
-- ----------------------------
BEGIN;
INSERT INTO `QRTZ_CRON_TRIGGERS` VALUES ('RenrenScheduler', 'TASK_1', 'DEFAULT', '0 0/30 * * * ?', 'Asia/Shanghai');
COMMIT;

-- ----------------------------
-- Table structure for QRTZ_FIRED_TRIGGERS
-- ----------------------------
DROP TABLE IF EXISTS `QRTZ_FIRED_TRIGGERS`;
CREATE TABLE `QRTZ_FIRED_TRIGGERS` (
  `SCHED_NAME` varchar(120) NOT NULL,
  `ENTRY_ID` varchar(95) NOT NULL,
  `TRIGGER_NAME` varchar(200) NOT NULL,
  `TRIGGER_GROUP` varchar(200) NOT NULL,
  `INSTANCE_NAME` varchar(200) NOT NULL,
  `FIRED_TIME` bigint(13) NOT NULL,
  `SCHED_TIME` bigint(13) NOT NULL,
  `PRIORITY` int(11) NOT NULL,
  `STATE` varchar(16) NOT NULL,
  `JOB_NAME` varchar(200) DEFAULT NULL,
  `JOB_GROUP` varchar(200) DEFAULT NULL,
  `IS_NONCONCURRENT` varchar(1) DEFAULT NULL,
  `REQUESTS_RECOVERY` varchar(1) DEFAULT NULL,
  PRIMARY KEY (`SCHED_NAME`,`ENTRY_ID`),
  KEY `IDX_QRTZ_FT_TRIG_INST_NAME` (`SCHED_NAME`,`INSTANCE_NAME`),
  KEY `IDX_QRTZ_FT_INST_JOB_REQ_RCVRY` (`SCHED_NAME`,`INSTANCE_NAME`,`REQUESTS_RECOVERY`),
  KEY `IDX_QRTZ_FT_J_G` (`SCHED_NAME`,`JOB_NAME`,`JOB_GROUP`),
  KEY `IDX_QRTZ_FT_JG` (`SCHED_NAME`,`JOB_GROUP`),
  KEY `IDX_QRTZ_FT_T_G` (`SCHED_NAME`,`TRIGGER_NAME`,`TRIGGER_GROUP`),
  KEY `IDX_QRTZ_FT_TG` (`SCHED_NAME`,`TRIGGER_GROUP`)
) ENGINE=InnoDB DEFAULT CHARSET=utf8;

-- ----------------------------
-- Records of QRTZ_FIRED_TRIGGERS
-- ----------------------------
BEGIN;
COMMIT;

-- ----------------------------
-- Table structure for QRTZ_JOB_DETAILS
-- ----------------------------
DROP TABLE IF EXISTS `QRTZ_JOB_DETAILS`;
CREATE TABLE `QRTZ_JOB_DETAILS` (
  `SCHED_NAME` varchar(120) NOT NULL,
  `JOB_NAME` varchar(200) NOT NULL,
  `JOB_GROUP` varchar(200) NOT NULL,
  `DESCRIPTION` varchar(250) DEFAULT NULL,
  `JOB_CLASS_NAME` varchar(250) NOT NULL,
  `IS_DURABLE` varchar(1) NOT NULL,
  `IS_NONCONCURRENT` varchar(1) NOT NULL,
  `IS_UPDATE_DATA` varchar(1) NOT NULL,
  `REQUESTS_RECOVERY` varchar(1) NOT NULL,
  `JOB_DATA` blob,
  PRIMARY KEY (`SCHED_NAME`,`JOB_NAME`,`JOB_GROUP`),
  KEY `IDX_QRTZ_J_REQ_RECOVERY` (`SCHED_NAME`,`REQUESTS_RECOVERY`),
  KEY `IDX_QRTZ_J_GRP` (`SCHED_NAME`,`JOB_GROUP`)
) ENGINE=InnoDB DEFAULT CHARSET=utf8;

-- ----------------------------
-- Records of QRTZ_JOB_DETAILS
-- ----------------------------
BEGIN;
INSERT INTO `QRTZ_JOB_DETAILS` VALUES ('RenrenScheduler', 'TASK_1', 'DEFAULT', NULL, 'io.renren.modules.job.utils.ScheduleJob', '0', '0', '0', '0', 0xACED0005737200156F72672E71756172747A2E4A6F62446174614D61709FB083E8BFA9B0CB020000787200266F72672E71756172747A2E7574696C732E537472696E674B65794469727479466C61674D61708208E8C3FBC55D280200015A0013616C6C6F77735472616E7369656E74446174617872001D6F72672E71756172747A2E7574696C732E4469727479466C61674D617013E62EAD28760ACE0200025A000564697274794C00036D617074000F4C6A6176612F7574696C2F4D61703B787001737200116A6176612E7574696C2E486173684D61700507DAC1C31660D103000246000A6C6F6164466163746F724900097468726573686F6C6478703F4000000000000C7708000000100000000174000D4A4F425F504152414D5F4B45597372002E696F2E72656E72656E2E6D6F64756C65732E6A6F622E656E746974792E5363686564756C654A6F62456E7469747900000000000000010200074C00086265616E4E616D657400124C6A6176612F6C616E672F537472696E673B4C000A63726561746554696D657400104C6A6176612F7574696C2F446174653B4C000E63726F6E45787072657373696F6E71007E00094C00056A6F6249647400104C6A6176612F6C616E672F4C6F6E673B4C0006706172616D7371007E00094C000672656D61726B71007E00094C00067374617475737400134C6A6176612F6C616E672F496E74656765723B7870740008746573745461736B7372000E6A6176612E7574696C2E44617465686A81014B597419030000787077080000018701CEE1207874000E3020302F3330202A202A202A203F7372000E6A6176612E6C616E672E4C6F6E673B8BE490CC8F23DF0200014A000576616C7565787200106A6176612E6C616E672E4E756D62657286AC951D0B94E08B0200007870000000000000000174000672656E72656E74000CE58F82E695B0E6B58BE8AF95737200116A6176612E6C616E672E496E746567657212E2A0A4F781873802000149000576616C75657871007E0013000000007800);
COMMIT;

-- ----------------------------
-- Table structure for QRTZ_LOCKS
-- ----------------------------
DROP TABLE IF EXISTS `QRTZ_LOCKS`;
CREATE TABLE `QRTZ_LOCKS` (
  `SCHED_NAME` varchar(120) NOT NULL,
  `LOCK_NAME` varchar(40) NOT NULL,
  PRIMARY KEY (`SCHED_NAME`,`LOCK_NAME`)
) ENGINE=InnoDB DEFAULT CHARSET=utf8;

-- ----------------------------
-- Records of QRTZ_LOCKS
-- ----------------------------
BEGIN;
INSERT INTO `QRTZ_LOCKS` VALUES ('RenrenScheduler', 'STATE_ACCESS');
INSERT INTO `QRTZ_LOCKS` VALUES ('RenrenScheduler', 'TRIGGER_ACCESS');
COMMIT;

-- ----------------------------
-- Table structure for QRTZ_PAUSED_TRIGGER_GRPS
-- ----------------------------
DROP TABLE IF EXISTS `QRTZ_PAUSED_TRIGGER_GRPS`;
CREATE TABLE `QRTZ_PAUSED_TRIGGER_GRPS` (
  `SCHED_NAME` varchar(120) NOT NULL,
  `TRIGGER_GROUP` varchar(200) NOT NULL,
  PRIMARY KEY (`SCHED_NAME`,`TRIGGER_GROUP`)
) ENGINE=InnoDB DEFAULT CHARSET=utf8;

-- ----------------------------
-- Records of QRTZ_PAUSED_TRIGGER_GRPS
-- ----------------------------
BEGIN;
COMMIT;

-- ----------------------------
-- Table structure for QRTZ_SCHEDULER_STATE
-- ----------------------------
DROP TABLE IF EXISTS `QRTZ_SCHEDULER_STATE`;
CREATE TABLE `QRTZ_SCHEDULER_STATE` (
  `SCHED_NAME` varchar(120) NOT NULL,
  `INSTANCE_NAME` varchar(200) NOT NULL,
  `LAST_CHECKIN_TIME` bigint(13) NOT NULL,
  `CHECKIN_INTERVAL` bigint(13) NOT NULL,
  PRIMARY KEY (`SCHED_NAME`,`INSTANCE_NAME`)
) ENGINE=InnoDB DEFAULT CHARSET=utf8;

-- ----------------------------
-- Records of QRTZ_SCHEDULER_STATE
-- ----------------------------
BEGIN;
INSERT INTO `QRTZ_SCHEDULER_STATE` VALUES ('RenrenScheduler', 'jiazhongdeMacBook-Pro.local1679378363647', 1679378500715, 15000);
COMMIT;

-- ----------------------------
-- Table structure for QRTZ_SIMPLE_TRIGGERS
-- ----------------------------
DROP TABLE IF EXISTS `QRTZ_SIMPLE_TRIGGERS`;
CREATE TABLE `QRTZ_SIMPLE_TRIGGERS` (
  `SCHED_NAME` varchar(120) NOT NULL,
  `TRIGGER_NAME` varchar(200) NOT NULL,
  `TRIGGER_GROUP` varchar(200) NOT NULL,
  `REPEAT_COUNT` bigint(7) NOT NULL,
  `REPEAT_INTERVAL` bigint(12) NOT NULL,
  `TIMES_TRIGGERED` bigint(10) NOT NULL,
  PRIMARY KEY (`SCHED_NAME`,`TRIGGER_NAME`,`TRIGGER_GROUP`),
  CONSTRAINT `qrtz_simple_triggers_ibfk_1` FOREIGN KEY (`SCHED_NAME`, `TRIGGER_NAME`, `TRIGGER_GROUP`) REFERENCES `QRTZ_TRIGGERS` (`SCHED_NAME`, `TRIGGER_NAME`, `TRIGGER_GROUP`)
) ENGINE=InnoDB DEFAULT CHARSET=utf8;

-- ----------------------------
-- Records of QRTZ_SIMPLE_TRIGGERS
-- ----------------------------
BEGIN;
COMMIT;

-- ----------------------------
-- Table structure for QRTZ_SIMPROP_TRIGGERS
-- ----------------------------
DROP TABLE IF EXISTS `QRTZ_SIMPROP_TRIGGERS`;
CREATE TABLE `QRTZ_SIMPROP_TRIGGERS` (
  `SCHED_NAME` varchar(120) NOT NULL,
  `TRIGGER_NAME` varchar(200) NOT NULL,
  `TRIGGER_GROUP` varchar(200) NOT NULL,
  `STR_PROP_1` varchar(512) DEFAULT NULL,
  `STR_PROP_2` varchar(512) DEFAULT NULL,
  `STR_PROP_3` varchar(512) DEFAULT NULL,
  `INT_PROP_1` int(11) DEFAULT NULL,
  `INT_PROP_2` int(11) DEFAULT NULL,
  `LONG_PROP_1` bigint(20) DEFAULT NULL,
  `LONG_PROP_2` bigint(20) DEFAULT NULL,
  `DEC_PROP_1` decimal(13,4) DEFAULT NULL,
  `DEC_PROP_2` decimal(13,4) DEFAULT NULL,
  `BOOL_PROP_1` varchar(1) DEFAULT NULL,
  `BOOL_PROP_2` varchar(1) DEFAULT NULL,
  PRIMARY KEY (`SCHED_NAME`,`TRIGGER_NAME`,`TRIGGER_GROUP`),
  CONSTRAINT `qrtz_simprop_triggers_ibfk_1` FOREIGN KEY (`SCHED_NAME`, `TRIGGER_NAME`, `TRIGGER_GROUP`) REFERENCES `QRTZ_TRIGGERS` (`SCHED_NAME`, `TRIGGER_NAME`, `TRIGGER_GROUP`)
) ENGINE=InnoDB DEFAULT CHARSET=utf8;

-- ----------------------------
-- Records of QRTZ_SIMPROP_TRIGGERS
-- ----------------------------
BEGIN;
COMMIT;

-- ----------------------------
-- Table structure for QRTZ_TRIGGERS
-- ----------------------------
DROP TABLE IF EXISTS `QRTZ_TRIGGERS`;
CREATE TABLE `QRTZ_TRIGGERS` (
  `SCHED_NAME` varchar(120) NOT NULL,
  `TRIGGER_NAME` varchar(200) NOT NULL,
  `TRIGGER_GROUP` varchar(200) NOT NULL,
  `JOB_NAME` varchar(200) NOT NULL,
  `JOB_GROUP` varchar(200) NOT NULL,
  `DESCRIPTION` varchar(250) DEFAULT NULL,
  `NEXT_FIRE_TIME` bigint(13) DEFAULT NULL,
  `PREV_FIRE_TIME` bigint(13) DEFAULT NULL,
  `PRIORITY` int(11) DEFAULT NULL,
  `TRIGGER_STATE` varchar(16) NOT NULL,
  `TRIGGER_TYPE` varchar(8) NOT NULL,
  `START_TIME` bigint(13) NOT NULL,
  `END_TIME` bigint(13) DEFAULT NULL,
  `CALENDAR_NAME` varchar(200) DEFAULT NULL,
  `MISFIRE_INSTR` smallint(2) DEFAULT NULL,
  `JOB_DATA` blob,
  PRIMARY KEY (`SCHED_NAME`,`TRIGGER_NAME`,`TRIGGER_GROUP`),
  KEY `IDX_QRTZ_T_J` (`SCHED_NAME`,`JOB_NAME`,`JOB_GROUP`),
  KEY `IDX_QRTZ_T_JG` (`SCHED_NAME`,`JOB_GROUP`),
  KEY `IDX_QRTZ_T_C` (`SCHED_NAME`,`CALENDAR_NAME`),
  KEY `IDX_QRTZ_T_G` (`SCHED_NAME`,`TRIGGER_GROUP`),
  KEY `IDX_QRTZ_T_STATE` (`SCHED_NAME`,`TRIGGER_STATE`),
  KEY `IDX_QRTZ_T_N_STATE` (`SCHED_NAME`,`TRIGGER_NAME`,`TRIGGER_GROUP`,`TRIGGER_STATE`),
  KEY `IDX_QRTZ_T_N_G_STATE` (`SCHED_NAME`,`TRIGGER_GROUP`,`TRIGGER_STATE`),
  KEY `IDX_QRTZ_T_NEXT_FIRE_TIME` (`SCHED_NAME`,`NEXT_FIRE_TIME`),
  KEY `IDX_QRTZ_T_NFT_ST` (`SCHED_NAME`,`TRIGGER_STATE`,`NEXT_FIRE_TIME`),
  KEY `IDX_QRTZ_T_NFT_MISFIRE` (`SCHED_NAME`,`MISFIRE_INSTR`,`NEXT_FIRE_TIME`),
  KEY `IDX_QRTZ_T_NFT_ST_MISFIRE` (`SCHED_NAME`,`MISFIRE_INSTR`,`NEXT_FIRE_TIME`,`TRIGGER_STATE`),
  KEY `IDX_QRTZ_T_NFT_ST_MISFIRE_GRP` (`SCHED_NAME`,`MISFIRE_INSTR`,`NEXT_FIRE_TIME`,`TRIGGER_GROUP`,`TRIGGER_STATE`),
  CONSTRAINT `qrtz_triggers_ibfk_1` FOREIGN KEY (`SCHED_NAME`, `JOB_NAME`, `JOB_GROUP`) REFERENCES `QRTZ_JOB_DETAILS` (`SCHED_NAME`, `JOB_NAME`, `JOB_GROUP`)
) ENGINE=InnoDB DEFAULT CHARSET=utf8;

-- ----------------------------
-- Records of QRTZ_TRIGGERS
-- ----------------------------
BEGIN;
INSERT INTO `QRTZ_TRIGGERS` VALUES ('RenrenScheduler', 'TASK_1', 'DEFAULT', 'TASK_1', 'DEFAULT', NULL, 1679380200000, 1679378400000, 5, 'WAITING', 'CRON', 1679363589000, 0, NULL, 2, 0xACED0005737200156F72672E71756172747A2E4A6F62446174614D61709FB083E8BFA9B0CB020000787200266F72672E71756172747A2E7574696C732E537472696E674B65794469727479466C61674D61708208E8C3FBC55D280200015A0013616C6C6F77735472616E7369656E74446174617872001D6F72672E71756172747A2E7574696C732E4469727479466C61674D617013E62EAD28760ACE0200025A000564697274794C00036D617074000F4C6A6176612F7574696C2F4D61703B787001737200116A6176612E7574696C2E486173684D61700507DAC1C31660D103000246000A6C6F6164466163746F724900097468726573686F6C6478703F4000000000000C7708000000100000000174000D4A4F425F504152414D5F4B45597372002E696F2E72656E72656E2E6D6F64756C65732E6A6F622E656E746974792E5363686564756C654A6F62456E7469747900000000000000010200074C00086265616E4E616D657400124C6A6176612F6C616E672F537472696E673B4C000A63726561746554696D657400104C6A6176612F7574696C2F446174653B4C000E63726F6E45787072657373696F6E71007E00094C00056A6F6249647400104C6A6176612F6C616E672F4C6F6E673B4C0006706172616D7371007E00094C000672656D61726B71007E00094C00067374617475737400134C6A6176612F6C616E672F496E74656765723B7870740008746573745461736B7372000E6A6176612E7574696C2E44617465686A81014B597419030000787077080000018701CEE1207874000E3020302F3330202A202A202A203F7372000E6A6176612E6C616E672E4C6F6E673B8BE490CC8F23DF0200014A000576616C7565787200106A6176612E6C616E672E4E756D62657286AC951D0B94E08B0200007870000000000000000174000672656E72656E74000CE58F82E695B0E6B58BE8AF95737200116A6176612E6C616E672E496E746567657212E2A0A4F781873802000149000576616C75657871007E0013000000007800);
COMMIT;

-- ----------------------------
-- Table structure for schedule_job
-- ----------------------------
DROP TABLE IF EXISTS `schedule_job`;
CREATE TABLE `schedule_job` (
  `job_id` bigint(20) NOT NULL AUTO_INCREMENT COMMENT '任务id',
  `bean_name` varchar(200) DEFAULT NULL COMMENT 'spring bean名称',
  `params` varchar(2000) DEFAULT NULL COMMENT '参数',
  `cron_expression` varchar(100) DEFAULT NULL COMMENT 'cron表达式',
  `status` tinyint(4) DEFAULT NULL COMMENT '任务状态  0：正常  1：暂停',
  `remark` varchar(255) DEFAULT NULL COMMENT '备注',
  `create_time` datetime DEFAULT NULL COMMENT '创建时间',
  PRIMARY KEY (`job_id`)
) ENGINE=InnoDB AUTO_INCREMENT=2 DEFAULT CHARSET=utf8 COMMENT='定时任务';

-- ----------------------------
-- Records of schedule_job
-- ----------------------------
BEGIN;
INSERT INTO `schedule_job` VALUES (1, 'testTask', 'renren', '0 0/30 * * * ?', 0, '参数测试', '2023-03-21 09:35:48');
COMMIT;

-- ----------------------------
-- Table structure for schedule_job_log
-- ----------------------------
DROP TABLE IF EXISTS `schedule_job_log`;
CREATE TABLE `schedule_job_log` (
  `log_id` bigint(20) NOT NULL AUTO_INCREMENT COMMENT '任务日志id',
  `job_id` bigint(20) NOT NULL COMMENT '任务id',
  `bean_name` varchar(200) DEFAULT NULL COMMENT 'spring bean名称',
  `params` varchar(2000) DEFAULT NULL COMMENT '参数',
  `status` tinyint(4) NOT NULL COMMENT '任务状态    0：成功    1：失败',
  `error` varchar(2000) DEFAULT NULL COMMENT '失败信息',
  `times` int(11) NOT NULL COMMENT '耗时(单位：毫秒)',
  `create_time` datetime DEFAULT NULL COMMENT '创建时间',
  PRIMARY KEY (`log_id`),
  KEY `job_id` (`job_id`)
) ENGINE=InnoDB AUTO_INCREMENT=8 DEFAULT CHARSET=utf8 COMMENT='定时任务日志';

-- ----------------------------
-- Records of schedule_job_log
-- ----------------------------
BEGIN;
INSERT INTO `schedule_job_log` VALUES (1, 1, 'testTask', 'renren', 0, NULL, 1, '2023-03-21 10:00:00');
INSERT INTO `schedule_job_log` VALUES (2, 1, 'testTask', 'renren', 0, NULL, 1, '2023-03-21 10:30:00');
INSERT INTO `schedule_job_log` VALUES (3, 1, 'testTask', 'renren', 0, NULL, 2, '2023-03-21 11:00:00');
INSERT INTO `schedule_job_log` VALUES (4, 1, 'testTask', 'renren', 0, NULL, 2, '2023-03-21 12:30:00');
INSERT INTO `schedule_job_log` VALUES (5, 1, 'testTask', 'renren', 0, NULL, 0, '2023-03-21 13:00:00');
INSERT INTO `schedule_job_log` VALUES (6, 1, 'testTask', 'renren', 0, NULL, 0, '2023-03-21 13:30:00');
INSERT INTO `schedule_job_log` VALUES (7, 1, 'testTask', 'renren', 0, NULL, 0, '2023-03-21 14:00:00');
COMMIT;

-- ----------------------------
-- Table structure for sys_config
-- ----------------------------
DROP TABLE IF EXISTS `sys_config`;
CREATE TABLE `sys_config` (
  `id` bigint(20) NOT NULL AUTO_INCREMENT,
  `param_key` varchar(50) DEFAULT NULL COMMENT 'key',
  `param_value` varchar(2000) DEFAULT NULL COMMENT 'value',
  `status` tinyint(4) DEFAULT '1' COMMENT '状态   0：隐藏   1：显示',
  `remark` varchar(500) DEFAULT NULL COMMENT '备注',
  PRIMARY KEY (`id`),
  UNIQUE KEY `param_key` (`param_key`)
) ENGINE=InnoDB AUTO_INCREMENT=2 DEFAULT CHARSET=utf8 COMMENT='系统配置信息表';

-- ----------------------------
-- Records of sys_config
-- ----------------------------
BEGIN;
INSERT INTO `sys_config` VALUES (1, 'CLOUD_STORAGE_CONFIG_KEY', '{\"aliyunAccessKeyId\":\"\",\"aliyunAccessKeySecret\":\"\",\"aliyunBucketName\":\"\",\"aliyunDomain\":\"\",\"aliyunEndPoint\":\"\",\"aliyunPrefix\":\"\",\"qcloudBucketName\":\"\",\"qcloudDomain\":\"\",\"qcloudPrefix\":\"\",\"qcloudSecretId\":\"\",\"qcloudSecretKey\":\"\",\"qiniuAccessKey\":\"NrgMfABZxWLo5B-YYSjoE8-AZ1EISdi1Z3ubLOeZ\",\"qiniuBucketName\":\"ios-app\",\"qiniuDomain\":\"http://7xqbwh.dl1.z0.glb.clouddn.com\",\"qiniuPrefix\":\"upload\",\"qiniuSecretKey\":\"uIwJHevMRWU0VLxFvgy0tAcOdGqasdtVlJkdy6vV\",\"type\":1}', 0, '云存储配置信息');
COMMIT;

-- ----------------------------
-- Table structure for sys_log
-- ----------------------------
DROP TABLE IF EXISTS `sys_log`;
CREATE TABLE `sys_log` (
  `id` bigint(20) NOT NULL AUTO_INCREMENT,
  `username` varchar(50) DEFAULT NULL COMMENT '用户名',
  `operation` varchar(50) DEFAULT NULL COMMENT '用户操作',
  `method` varchar(200) DEFAULT NULL COMMENT '请求方法',
  `params` varchar(5000) DEFAULT NULL COMMENT '请求参数',
  `time` bigint(20) NOT NULL COMMENT '执行时长(毫秒)',
  `ip` varchar(64) DEFAULT NULL COMMENT 'IP地址',
  `create_date` datetime DEFAULT NULL COMMENT '创建时间',
  PRIMARY KEY (`id`)
) ENGINE=InnoDB AUTO_INCREMENT=15 DEFAULT CHARSET=utf8 COMMENT='系统日志';

-- ----------------------------
-- Records of sys_log
-- ----------------------------
BEGIN;
INSERT INTO `sys_log` VALUES (1, 'admin', '删除菜单', 'io.renren.modules.sys.controller.SysMenuController.delete()', '5', 0, '0:0:0:0:0:0:0:1', '2023-03-21 09:55:28');
INSERT INTO `sys_log` VALUES (2, 'admin', '保存角色', 'io.renren.modules.sys.controller.SysRoleController.save()', '{\"roleId\":1,\"roleName\":\"qqq\",\"menuIdList\":[1,36,37,38,39,40],\"deptIdList\":[],\"createTime\":\"Mar 21, 2023 10:16:16 AM\"}', 100, '0:0:0:0:0:0:0:1', '2023-03-21 10:16:17');
INSERT INTO `sys_log` VALUES (3, 'admin', '保存用户', 'io.renren.modules.sys.controller.SysUserController.save()', '{\"userId\":2,\"username\":\"yjz\",\"password\":\"d149a3a9d3ecf8845cec6fcc3ceafc414eef2e25ed4564448b9cc2bbc4b2c9c1\",\"salt\":\"zYWDfHDc0iSkxyVMlUKT\",\"email\":\"123@qq.com\",\"mobile\":\"12345678901\",\"status\":1,\"roleIdList\":[1],\"createTime\":\"Mar 21, 2023 10:18:33 AM\"}', 98, '0:0:0:0:0:0:0:1', '2023-03-21 10:18:34');
INSERT INTO `sys_log` VALUES (4, 'admin', '保存角色', 'io.renren.modules.sys.controller.SysRoleController.save()', '{\"roleId\":2,\"roleName\":\"1111\",\"remark\":\"adad\",\"menuIdList\":[1,36,37,38,39,40],\"deptIdList\":[],\"createTime\":\"Mar 21, 2023 11:51:54 AM\"}', 128, '0:0:0:0:0:0:0:1', '2023-03-21 11:51:55');
INSERT INTO `sys_log` VALUES (5, 'admin', '保存角色', 'io.renren.modules.sys.controller.SysRoleController.save()', '{\"roleId\":3,\"roleName\":\"ada\",\"remark\":\"adad\",\"menuIdList\":[1,36,37,38,39,40],\"deptIdList\":[],\"createTime\":\"Mar 21, 2023 12:00:12 PM\"}', 124, '0:0:0:0:0:0:0:1', '2023-03-21 12:00:13');
INSERT INTO `sys_log` VALUES (6, 'admin', '保存用户', 'io.renren.modules.sys.controller.SysUserController.save()', '{\"userId\":3,\"username\":\"123\",\"password\":\"fe697d086169bfdcdce2600525bde6696801aaee9c0fa4722062383cb4a243aa\",\"salt\":\"8AtDvgB7pV65eEuWqxX7\",\"email\":\"131@qq.com\",\"mobile\":\"13123\",\"status\":1,\"roleIdList\":[2],\"createTime\":\"Mar 21, 2023 1:44:54 PM\"}', 101, '0:0:0:0:0:0:0:1', '2023-03-21 13:44:54');
INSERT INTO `sys_log` VALUES (7, 'admin', '删除用户', 'io.renren.modules.sys.controller.SysUserController.delete()', '[3]', 7, '0:0:0:0:0:0:0:1', '2023-03-21 13:44:59');
INSERT INTO `sys_log` VALUES (8, 'admin', '保存用户', 'io.renren.modules.sys.controller.SysUserController.save()', '{\"userId\":4,\"username\":\"asda\",\"password\":\"112aad082052e7d5df19e52401232e1320f5c048f10a7e210873767ab2fe0b8b\",\"salt\":\"yu4WANIjFVStZoGMt9je\",\"email\":\"adad@qq.com\",\"mobile\":\"1231313\",\"status\":1,\"roleIdList\":[],\"createTime\":\"Mar 21, 2023 1:47:20 PM\"}', 103, '0:0:0:0:0:0:0:1', '2023-03-21 13:47:21');
INSERT INTO `sys_log` VALUES (9, 'admin', '修改角色', 'io.renren.modules.sys.controller.SysRoleController.update()', '{\"roleId\":1,\"roleName\":\"qqq\",\"remark\":\"adad\",\"menuIdList\":[1,4,23,24,25,26,36,37,38,39,40],\"createTime\":\"Mar 21, 2023 10:16:17 AM\"}', 91, '0:0:0:0:0:0:0:1', '2023-03-21 13:51:20');
INSERT INTO `sys_log` VALUES (10, 'admin', '保存用户', 'io.renren.modules.sys.controller.SysUserController.save()', '{\"userId\":5,\"username\":\"12313\",\"password\":\"44a05bbbe5eab1e621bc6b34128e8f2d51773a1054661d72a7a422fe0724888e\",\"salt\":\"0t52YOkI8qVXR1tErPVI\",\"email\":\"1313@qq.com\",\"mobile\":\"1231313\",\"status\":1,\"roleIdList\":[1],\"createTime\":\"Mar 21, 2023 1:55:45 PM\"}', 91, '0:0:0:0:0:0:0:1', '2023-03-21 13:55:46');
INSERT INTO `sys_log` VALUES (11, 'admin', '修改角色', 'io.renren.modules.sys.controller.SysRoleController.update()', '{\"roleId\":1,\"roleName\":\"qqq\",\"remark\":\"adad\",\"menuIdList\":[],\"createTime\":\"Mar 21, 2023 10:16:17 AM\"}', 18, '0:0:0:0:0:0:0:1', '2023-03-21 13:58:00');
INSERT INTO `sys_log` VALUES (12, 'admin', '修改角色', 'io.renren.modules.sys.controller.SysRoleController.update()', '{\"roleId\":2,\"roleName\":\"1111\",\"remark\":\"adad\",\"menuIdList\":[],\"createTime\":\"Mar 21, 2023 11:51:55 AM\"}', 7, '0:0:0:0:0:0:0:1', '2023-03-21 13:58:05');
INSERT INTO `sys_log` VALUES (13, 'admin', '修改角色', 'io.renren.modules.sys.controller.SysRoleController.update()', '{\"roleId\":3,\"roleName\":\"ada\",\"remark\":\"adad\",\"menuIdList\":[],\"createTime\":\"Mar 21, 2023 12:00:13 PM\"}', 4, '0:0:0:0:0:0:0:1', '2023-03-21 13:58:11');
INSERT INTO `sys_log` VALUES (14, 'admin', '修改角色', 'io.renren.modules.sys.controller.SysRoleController.update()', '{\"roleId\":1,\"roleName\":\"qqq\",\"remark\":\"adad\",\"menuIdList\":[1,29],\"createTime\":\"Mar 21, 2023 10:16:17 AM\"}', 70, '0:0:0:0:0:0:0:1', '2023-03-21 14:00:10');
COMMIT;

-- ----------------------------
-- Table structure for sys_menu
-- ----------------------------
DROP TABLE IF EXISTS `sys_menu`;
CREATE TABLE `sys_menu` (
  `menu_id` bigint(20) NOT NULL AUTO_INCREMENT,
  `parent_id` bigint(20) DEFAULT NULL COMMENT '父菜单ID，一级菜单为0',
  `name` varchar(50) DEFAULT NULL COMMENT '菜单名称',
  `url` varchar(200) DEFAULT NULL COMMENT '菜单URL',
  `perms` varchar(500) DEFAULT NULL COMMENT '授权(多个用逗号分隔，如：user:list,user:create)',
  `type` int(11) DEFAULT NULL COMMENT '类型   0：目录   1：菜单   2：按钮',
  `icon` varchar(50) DEFAULT NULL COMMENT '菜单图标',
  `order_num` int(11) DEFAULT NULL COMMENT '排序',
  PRIMARY KEY (`menu_id`)
) ENGINE=InnoDB AUTO_INCREMENT=41 DEFAULT CHARSET=utf8 COMMENT='菜单管理';

-- ----------------------------
-- Records of sys_menu
-- ----------------------------
BEGIN;
INSERT INTO `sys_menu` VALUES (1, 0, '系统管理', NULL, NULL, 0, 'fa fa-cog', 0);
INSERT INTO `sys_menu` VALUES (2, 1, '管理员管理', 'modules/sys/user.html', NULL, 1, 'fa fa-user', 1);
INSERT INTO `sys_menu` VALUES (3, 1, '角色管理', 'modules/sys/role.html', NULL, 1, 'fa fa-user-secret', 2);
INSERT INTO `sys_menu` VALUES (4, 1, '菜单管理', 'modules/sys/menu.html', NULL, 1, 'fa fa-th-list', 3);
INSERT INTO `sys_menu` VALUES (15, 2, '查看', NULL, 'sys:user:list,sys:user:info', 2, NULL, 0);
INSERT INTO `sys_menu` VALUES (16, 2, '新增', NULL, 'sys:user:save,sys:role:select', 2, NULL, 0);
INSERT INTO `sys_menu` VALUES (17, 2, '修改', NULL, 'sys:user:update,sys:role:select', 2, NULL, 0);
INSERT INTO `sys_menu` VALUES (18, 2, '删除', NULL, 'sys:user:delete', 2, NULL, 0);
INSERT INTO `sys_menu` VALUES (19, 3, '查看', NULL, 'sys:role:list,sys:role:info', 2, NULL, 0);
INSERT INTO `sys_menu` VALUES (20, 3, '新增', NULL, 'sys:role:save,sys:menu:perms', 2, NULL, 0);
INSERT INTO `sys_menu` VALUES (21, 3, '修改', NULL, 'sys:role:update,sys:menu:perms', 2, NULL, 0);
INSERT INTO `sys_menu` VALUES (22, 3, '删除', NULL, 'sys:role:delete', 2, NULL, 0);
INSERT INTO `sys_menu` VALUES (23, 4, '查看', NULL, 'sys:menu:list,sys:menu:info', 2, NULL, 0);
INSERT INTO `sys_menu` VALUES (24, 4, '新增', NULL, 'sys:menu:save,sys:menu:select', 2, NULL, 0);
INSERT INTO `sys_menu` VALUES (25, 4, '修改', NULL, 'sys:menu:update,sys:menu:select', 2, NULL, 0);
INSERT INTO `sys_menu` VALUES (26, 4, '删除', NULL, 'sys:menu:delete', 2, NULL, 0);
INSERT INTO `sys_menu` VALUES (29, 1, '系统日志', 'modules/sys/log.html', 'sys:log:list', 1, 'fa fa-file-text-o', 7);
COMMIT;

-- ----------------------------
-- Table structure for sys_oss
-- ----------------------------
DROP TABLE IF EXISTS `sys_oss`;
CREATE TABLE `sys_oss` (
  `id` bigint(20) NOT NULL AUTO_INCREMENT,
  `url` varchar(200) DEFAULT NULL COMMENT 'URL地址',
  `create_date` datetime DEFAULT NULL COMMENT '创建时间',
  PRIMARY KEY (`id`)
) ENGINE=InnoDB DEFAULT CHARSET=utf8 COMMENT='文件上传';

-- ----------------------------
-- Records of sys_oss
-- ----------------------------
BEGIN;
COMMIT;

-- ----------------------------
-- Table structure for sys_role
-- ----------------------------
DROP TABLE IF EXISTS `sys_role`;
CREATE TABLE `sys_role` (
  `role_id` bigint(20) NOT NULL AUTO_INCREMENT,
  `role_name` varchar(100) DEFAULT NULL COMMENT '角色名称',
  `remark` varchar(100) DEFAULT NULL COMMENT '备注',
  `create_time` datetime DEFAULT NULL COMMENT '创建时间',
  PRIMARY KEY (`role_id`)
) ENGINE=InnoDB AUTO_INCREMENT=4 DEFAULT CHARSET=utf8 COMMENT='角色';

-- ----------------------------
-- Records of sys_role
-- ----------------------------
BEGIN;
INSERT INTO `sys_role` VALUES (1, 'qqq', 'adad', '2023-03-21 10:16:17');
INSERT INTO `sys_role` VALUES (2, '1111', 'adad', '2023-03-21 11:51:55');
INSERT INTO `sys_role` VALUES (3, 'ada', 'adad', '2023-03-21 12:00:13');
COMMIT;

-- ----------------------------
-- Table structure for sys_role_menu
-- ----------------------------
DROP TABLE IF EXISTS `sys_role_menu`;
CREATE TABLE `sys_role_menu` (
  `id` bigint(20) NOT NULL AUTO_INCREMENT,
  `role_id` bigint(20) DEFAULT NULL COMMENT '角色ID',
  `menu_id` bigint(20) DEFAULT NULL COMMENT '菜单ID',
  PRIMARY KEY (`id`)
) ENGINE=InnoDB AUTO_INCREMENT=32 DEFAULT CHARSET=utf8 COMMENT='角色与菜单对应关系';

-- ----------------------------
-- Records of sys_role_menu
-- ----------------------------
BEGIN;
INSERT INTO `sys_role_menu` VALUES (30, 1, 1);
INSERT INTO `sys_role_menu` VALUES (31, 1, 29);
COMMIT;

-- ----------------------------
-- Table structure for sys_user
-- ----------------------------
DROP TABLE IF EXISTS `sys_user`;
CREATE TABLE `sys_user` (
  `user_id` bigint(20) NOT NULL AUTO_INCREMENT,
  `username` varchar(50) NOT NULL COMMENT '用户名',
  `password` varchar(100) DEFAULT NULL COMMENT '密码',
  `salt` varchar(20) DEFAULT NULL COMMENT '盐',
  `email` varchar(100) DEFAULT NULL COMMENT '邮箱',
  `mobile` varchar(100) DEFAULT NULL COMMENT '手机号',
  `status` tinyint(4) DEFAULT NULL COMMENT '状态  0：禁用   1：正常',
  `create_time` datetime DEFAULT NULL COMMENT '创建时间',
  PRIMARY KEY (`user_id`),
  UNIQUE KEY `username` (`username`)
) ENGINE=InnoDB AUTO_INCREMENT=6 DEFAULT CHARSET=utf8 COMMENT='系统用户';

-- ----------------------------
-- Records of sys_user
-- ----------------------------
BEGIN;
INSERT INTO `sys_user` VALUES (1, 'admin', 'e1153123d7d180ceeb820d577ff119876678732a68eef4e6ffc0b1f06a01f91b', 'YzcmCZNvbXocrsz9dm8e', 'root@renren.io', '13612345678', 1, '2016-11-11 11:11:11');
INSERT INTO `sys_user` VALUES (2, 'yjz', 'd149a3a9d3ecf8845cec6fcc3ceafc414eef2e25ed4564448b9cc2bbc4b2c9c1', 'zYWDfHDc0iSkxyVMlUKT', '123@qq.com', '12345678901', 1, '2023-03-21 10:18:34');
INSERT INTO `sys_user` VALUES (4, 'asda', '112aad082052e7d5df19e52401232e1320f5c048f10a7e210873767ab2fe0b8b', 'yu4WANIjFVStZoGMt9je', 'adad@qq.com', '1231313', 1, '2023-03-21 13:47:21');
INSERT INTO `sys_user` VALUES (5, '12313', '44a05bbbe5eab1e621bc6b34128e8f2d51773a1054661d72a7a422fe0724888e', '0t52YOkI8qVXR1tErPVI', '1313@qq.com', '1231313', 1, '2023-03-21 13:55:46');
COMMIT;

-- ----------------------------
-- Table structure for sys_user_role
-- ----------------------------
DROP TABLE IF EXISTS `sys_user_role`;
CREATE TABLE `sys_user_role` (
  `id` bigint(20) NOT NULL AUTO_INCREMENT,
  `user_id` bigint(20) DEFAULT NULL COMMENT '用户ID',
  `role_id` bigint(20) DEFAULT NULL COMMENT '角色ID',
  PRIMARY KEY (`id`)
) ENGINE=InnoDB AUTO_INCREMENT=4 DEFAULT CHARSET=utf8 COMMENT='用户与角色对应关系';

-- ----------------------------
-- Records of sys_user_role
-- ----------------------------
BEGIN;
INSERT INTO `sys_user_role` VALUES (1, 2, 1);
INSERT INTO `sys_user_role` VALUES (2, 3, 2);
INSERT INTO `sys_user_role` VALUES (3, 5, 1);
COMMIT;

SET FOREIGN_KEY_CHECKS = 1;
